{
	"Camera" : 
	{
		"distortion_coeffs" : 
		[
			-0.035597599642557251,
			-0.0050937213109994162,
			0.019716282737702494,
			-0.01583280039499382
		],
		"distortion_model" : "equidistant",
		"intrinsics" : 
		[
			527.99907063300816,
			527.96349580724495,
			399.18451401412665,
			172.81931083476931
		],
		"model" : "fisheye",
		"resolution" : 
		[
			800,
			400
		]
	},
	"Homo" : 
	{
		"T_cam0_cam1" : 
		[
			[
				0.99963046193177041,
				0.0035215120940828536,
				-0.026954378691529945,
				-0.058864247318638263
			],
			[
				-0.0035483229379787515,
				0.99999325636083369,
				-0.00094690927922376445,
				-0.11113759627934172
			],
			[
				0.026950862368447626,
				0.0010422022003878425,
				0.99963621624677557,
				2.1666674892889688
			],
			[
				0.0,
				0.0,
				0.0,
				1.0
			]
		],
		"T_cam10_cam11" : 
		[
			[
				0.99985403767684089,
				0.0029595981482878897,
				-0.016826886821978859,
				-0.046657676058032393
			],
			[
				-0.0029078036889908648,
				0.99999096199239945,
				0.0031017110152706038,
				-0.096949963133390327
			],
			[
				0.016835914558625133,
				-0.0030523289987498662,
				0.99985360691886205,
				1.6995771401611464
			],
			[
				0.0,
				0.0,
				0.0,
				1.0
			]
		],
		"T_cam11_cam12" : 
		[
			[
				0.99978331732205861,
				0.00095238077408679039,
				-0.020794503489169842,
				-0.0527487934501778
			],
			[
				-0.00070753910701360639,
				0.99993038039138848,
				0.011778529566353939,
				-0.099597486627189369
			],
			[
				0.020804273429081557,
				-0.011761264438595676,
				0.99971438664545287,
				2.0006260955496131
			],
			[
				0.0,
				0.0,
				0.0,
				1.0
			]
		],
		"T_cam12_cam13" : 
		[
			[
				0.9998743899653687,
				7.0648828130966124e-05,
				-0.01584926812583954,
				-0.027789934106237979
			],
			[
				-9.9027358153078171e-05,
				0.99999839349555975,
				-0.0017897485527299142,
				-0.11976742883437019
			],
			[
				0.015849116220282157,
				0.0017910932535032292,
				0.99987279065888823,
				1.5962039387029421
			],
			[
				0.0,
				0.0,
				0.0,
				1.0
			]
		],
		"T_cam13_cam14" : 
		[
			[
				0.99980381222691495,
				-0.0036747877498384748,
				-0.019463632536623168,
				-0.039669359796164372
			],
			[
				0.0034521614097519707,
				0.99992838046449239,
				-0.011459342182605721,
				-0.11376148945183928
			],
			[
				0.019504349210575835,
				0.011389902398645057,
				0.99974489270274369,
				1.8268351137015841
			],
			[
				0.0,
				0.0,
				0.0,
				1.0
			]
		],
		"T_cam14_cam15" : 
		[
			[
				0.99981136875434939,
				-0.0014062277725607059,
				-0.019371355992980736,
				-0.043550598529918716
			],
			[
				0.0013998752731094258,
				0.99999896186679393,
				-0.00034148873310080796,
				-0.094886742335113183
			],
			[
				0.019371816093872899,
				0.00031430683539485755,
				0.99981229936045446,
				1.8019933647327164
			],
			[
				0.0,
				0.0,
				0.0,
				1.0
			]
		],
		"T_cam15_cam16" : 
		[
			[
				0.99971605127022234,
				-0.0022485188436690874,
				-0.02372258408529089,
				-0.052367563871030143
			],
			[
				0.0022967817611410819,
				0.99999534751667163,
				0.0020074208709157269,
				-0.064304969933841605
			],
			[
				0.02371795999270844,
				-0.0020613364647633784,
				0.99971656446503021,
				1.8028327947289
			],
			[
				0.0,
				0.0,
				0.0,
				1.0
			]
		],
		"T_cam16_cam17" : 
		[
			[
				0.99971699305275863,
				0.002697143224010979,
				-0.023635973006828064,
				-0.050831311766216913
			],
			[
				-0.002633425399703189,
				0.99999281558023201,
				0.0027265103308210434,
				-0.11663624452712185
			],
			[
				0.023643156984940607,
				-0.0026634951377930323,
				0.99971691339170421,
				1.7721334221374967
			],
			[
				0.0,
				0.0,
				0.0,
				1.0
			]
		],
		"T_cam17_cam18" : 
		[
			[
				0.9998608878408155,
				0.0017593692321326918,
				-0.016586427767348991,
				-0.036553114278149224
			],
			[
				-0.0017910927028823853,
				0.99999659487046499,
				-0.0018979553221605012,
				-0.053551133660102224
			],
			[
				0.016583032084216048,
				0.001927399123238699,
				0.99986063437836892,
				1.1863050647140874
			],
			[
				0.0,
				0.0,
				0.0,
				1.0
			]
		],
		"T_cam18_cam19" : 
		[
			[
				0.99979871449291091,
				0.0034101278322649989,
				-0.019771229766766679,
				-0.046489394466732392
			],
			[
				-0.0033674081588641533,
				0.99999192433300033,
				0.0021935886292507138,
				-0.063632500086159283
			],
			[
				0.019778550518536053,
				-0.0021265692912237795,
				0.99980212374371102,
				1.4879306498627116
			],
			[
				0.0,
				0.0,
				0.0,
				1.0
			]
		],
		"T_cam19_cam20" : 
		[
			[
				0.99982830194501604,
				0.0032376003162003369,
				-0.018245124662186391,
				-0.041617460481006674
			],
			[
				-0.0031302396410986671,
				0.99997763745753809,
				0.0059098379529604365,
				-0.093220140551299124
			],
			[
				0.018263850348036306,
				-0.0058517116328041571,
				0.99981607770701075,
				1.4655295061443656
			],
			[
				0.0,
				0.0,
				0.0,
				1.0
			]
		],
		"T_cam1_cam2" : 
		[
			[
				0.99972200303902814,
				0.0024098764765113842,
				-0.023454405449764376,
				-0.039737991081381097
			],
			[
				-0.0023764057055785694,
				0.99999611808289957,
				0.001454824750486446,
				-0.085619515872510377
			],
			[
				0.023457820349650355,
				-0.0013986831306951114,
				0.99972384904529721,
				1.7825493640459058
			],
			[
				0.0,
				0.0,
				0.0,
				1.0
			]
		],
		"T_cam20_cam21" : 
		[
			[
				0.9995745311172064,
				0.0010903336679388767,
				-0.029147348323804834,
				-0.072184114702849911
			],
			[
				-0.0012653065540986289,
				0.99998128755689764,
				-0.0059852765494247994,
				-0.13090181467913631
			],
			[
				0.029140276957174138,
				0.0060196103313666233,
				0.99955720624200273,
				2.3728983433510731
			],
			[
				0.0,
				0.0,
				0.0,
				1.0
			]
		],
		"T_cam21_cam22" : 
		[
			[
				0.99990678931248977,
				0.0017388103073399525,
				-0.013542127805619836,
				-0.036489546321320177
			],
			[
				-0.0017139162128014807,
				0.99999682062094475,
				0.0018496592167299413,
				-0.05674434140326845
			],
			[
				0.013545300956573497,
				-0.0018262767363206893,
				0.99990659040496288,
				1.196788323776584
			],
			[
				0.0,
				0.0,
				0.0,
				1.0
			]
		],
		"T_cam22_cam23" : 
		[
			[
				0.99993160070702691,
				0.0018276516591934702,
				-0.011552211775074789,
				-0.032737637035040734
			],
			[
				-0.0018461403089855555,
				0.99999703185842725,
				-0.0015899812249653041,
				-0.043886184416354723
			],
			[
				0.01154927155465077,
				0.0016111994751895897,
				0.99993200686987149,
				1.2015101458405359
			],
			[
				0.0,
				0.0,
				0.0,
				1.0
			]
		],
		"T_cam23_cam24" : 
		[
			[
				0.99992490879921925,
				-0.0018012072423767289,
				-0.012121568188275395,
				-0.028310010501400029
			],
			[
				0.0017348444107955843,
				0.99998346303321506,
				-0.0054830625538216781,
				-0.017410448437278347
			],
			[
				0.01213124386628725,
				0.0054616217892490947,
				0.99991149788853217,
				1.1998864047273876
			],
			[
				0.0,
				0.0,
				0.0,
				1.0
			]
		],
		"T_cam24_cam25" : 
		[
			[
				0.99986354904895081,
				0.003659837127259917,
				-0.016108658399707876,
				-0.029592772541832346
			],
			[
				-0.0036407667410308028,
				0.99999263666545224,
				0.0012130261393270385,
				-0.11904139878132725
			],
			[
				0.01611297926436811,
				-0.0011542127530125203,
				0.99986951133242741,
				1.5326495389561536
			],
			[
				0.0,
				0.0,
				0.0,
				1.0
			]
		],
		"T_cam25_cam26" : 
		[
			[
				0.9999299315096033,
				0.005402990292543125,
				-0.010532794837972981,
				-0.038085012106364502
			],
			[
				-0.0053692681968395342,
				0.99998037761444258,
				0.0032272813802061654,
				-0.054242433127946299
			],
			[
				0.01055002512938033,
				-0.0031705018491244054,
				0.99993932060290247,
				1.5301619281354482
			],
			[
				0.0,
				0.0,
				0.0,
				1.0
			]
		],